clone,group,chromosome,cosmid,CDSNo.,product,gene,size,image
626d12,CELF00010,LGX,AH9,2,AH9.2,crn-4,1.17,in-situ
169c7,CELK03976,LG3,B0244,1,B0244.8,x,1.37,in-situ
733f10,CELK09035,LG3,B0244,1,B0244.8,x,1.83,in-situ
119a9,CELK01041,LG3,B0280,1,B0280.5,x,0.66,in-situ
594e5,CELK03075,LGX,B0410,2,B0410.2,x,1.52,in-situ
623f3,CELK08194,LG3,BE0003N10,1,BE0003N10.2,x,1.7,in-situ
542h7,CELK02099,LG1,C01G8,1,C01G8.1,x,1.19,in-situ
156f12,CELF00232,LG3,C03C10,5,C03C10.3,rnr-2,2.1,in-situ
78c11,CELK02307,LG3,C03C10,5,C03C10.3,rnr-2,1.37,in-situ
62a9,CELK01981,LGX,C04A11,2,C04A11.2,x,1.42,in-situ
91b4,CELK02667,LG2,C05C10,7,C05C10.5,x,1.11,in-situ
32f3,CELK00104,LG3,C07G2,1,C07G2.1,cej-1,1.68,in-situ
85e1,CELK02571,LG3,C07H6,1,C07H6.5,cgh-1,2.3,in-situ
31c9,CELK01089,LG4,C09G9,9,C09G9.6,oma-1,1.69,in-situ
560c6,CELK06881,LG1,C10H11,9,C10H11.10,x,1.1,in-situ
521g7,CELK05051,LG3,C14B1,11,C14B1.9,x,0.53,in-situ
502b11,CELK06646,LGX,C15H9,5,C15H9.7,x,1.33,in-situ
392e6,CELK05920,LG1,C17E4,2,C17E4.2,x,1.4,in-situ
502d2,CELK03576,LG5,C17E7,9,C17E7.4,x,1.04,in-situ
345h11,CELK05587,LG2,C17F4,5,C17F4.5,x,1.22,in-situ
83h8,CELK02532,LG2,C18D1,3,C18D1.1,die-1,3,in-situ
670c2,CELK01970,LG1,C25A1,9,C25A1.8,x,0.89,in-situ
509e2,CELK06966,LGX,C25A11,5,C25A11.2,x,1.95,in-situ
85g4,CELK01693,LGX,C25B8,3,C25B8.4,x,0.8,in-situ
675d1,CELK01693,LGX,C25B8,3,C25B8.4,x,1.73,in-situ
452d2,CELK06527,LGX,C25B8,3,C25B8.4,x,0.74,in-situ
499f11,CELK07102,LGX,C25B8,3,C25B8.4,x,0.79,in-situ
503f9,CELK00225,LG5,C25D7,7,C25D7.6,mcm-3,2.56,in-situ
238b3,CELK04774,LGX,C27C12,7,C27C12.3,x,1.49,in-situ
484h3,CELK06961,LG2,C27D9,1,C27D9.1,x,0.73,in-situ
595h12,CELK06156,LG4,C28C12,11,C28C12.2,x,0.71,in-situ
82c9,CELK02497,LG4,C28D4,4,C28D4.3,gln-6,1.35,in-situ
499c1,CELK07097,LGX,C29F7,8,C29F7.5,fkh-4,1.32,in-situ
44h5,CELK00403,LG2,C30B5,5,C30B5.1,x,2.44,in-situ
601c12,CELK06552,LG1,C35E7,13,C35E7.1,x,2.51,in-situ
213g9,CELK04580,LG3,C38D4,7,C38D4.6,pal-1,1.03,in-situ
80c2,CELK02442,LGX,C49F5,7,C49F5.6,x,2.77,in-situ
717g3,CELK00997,LG5,C50B6,2,C50B6.2,x,2.26,in-situ
1179e01,CELK10748,LG5,C50B6,3,C50B6.3,x,1.62,in-situ
530b3,CELK03868,LG5,C50E3,7,C50E3.11,x,0.79,in-situ
610g5,CELK08092,LG5,C50E3,12,C50E3.13,x,0.43,in-situ
652a12,CELF01168,LGX,D2021,4,D2021.1,x,3.88,in-situ
36f5,CELK01188,LGX,D2021,4,D2021.1,x,2.9,in-situ
471d6,CELK06630,LG5,DC2,7,DC2.7,x,1.84,in-situ
595d8,CELK04653,LG2,EEED8,16,EEED8.15,x,1.22,in-situ
522h1,CELK06636,LG2,EEED8,11,EEED8.4,x,0.58,in-situ
267c7,CELK05066,LG5,F08F3,2,F08F3.6,x,1.3,in-situ
587f6,CELK05097,LGX,F08G12,1,F08G12.10,inx-2,0.85,in-situ
314h7,CELK00430,LG4,F11E6,2,F11E6.7,x,1.52,in-situ
425f12,CELK06384,LG4,F11E6,2,F11E6.7,x,3.27,in-situ
502c10,CELK06932,LG5,F14D7,3,F14D7.2,x,1.26,in-situ
592c6,CELK04166,LG5,F14H3,5,F14H3.6,x,1.08,in-situ
728h8,CELK07768,LG5,F15B9,3,F15B9.1,far-3,0.74,in-situ
446b3,CELK00793,LG1,F17B5,2,F17B5.1,x,1.55,in-situ
36c10,CELK00497,LGX,F21G4,1,F21G4.2,mrp-4,2.65,in-situ
20h9,CELK00888,LG4,F22B3,5,F22B3.4,x,2.11,in-situ
567d9,CELK06407,LG2,F22E5,18,F22E5.17,x,1.18,in-situ
431e1,CELK06813,LGX,F23D12,1,F23D12.2,x,1.38,in-situ
578f1,CELK03671,LG4,F26D10,4,F26D10.10,gln-5,0.89,in-situ
166d9,CELK03934,LG5,F26G5,9,F26G5.1,x,1.55,in-situ
585h8,CELK04338,LG4,F27C8,1,F27C8.6,x,1.47,in-situ
588c1,CELK03887,LG5,F32D1,9,F32D1.7,x,1.05,in-situ
78f12,CELK02392,LG2,F35C11,6,F35C11.5,x,1.19,in-situ
741b2,CELK09117,LG5,F40G12,11,F40G12.11,x,1.54,in-situ
521b7,CELK06210,LG2,F41G3,2,F41G3.6,x,1.11,in-situ
608c5,CELK00876,LG2,F42G2,6,F42G2.6,x,2.29,in-situ
484e9,CELK06958,LG2,F43G6,13,F43G6.5,x,1.41,in-situ
531c12,CELK03949,LG1,F44F1,8,F44F1.7,x,2.6,in-situ
117h10,CELK02566,LG2,F44F4,2,F44F4.2,x,1.59,in-situ
81b9,CELK02474,LGX,F45B8,6,F45B8.1,x,1,in-situ
469g5,CELK05825,LG2,F45C12,14,F45C12.15,x,1.66,in-situ
610d8,CELK02930,LG5,F47H4,7,F47H4.1,x,1.06,in-situ
887b02,CELK09911,LGX,F52D2,8,F52D2.6,x,1.99,in-situ
536a7,CELK01130,LGX,F52E10,2,F52E10.1,sdc-1,2.23,in-situ
156b8,CELK03749,LG1,F52F12,6,F52F12.6,x,1.28,in-situ
589d5,CELK05003,LG1,F52F12,6,F52F12.6,x,1.75,in-situ
479b5,CELK02314,LG5,F53F8,3,F53F8.3,x,0.55,in-situ
354b8,CELK05042,LGX,F53H4,2,F53H4.1,csb-1,2.82,in-situ
134g3,CELK00988,LG2,F54C9,8,F54C9.8,puf-5,1.11,in-situ
255d12,CELK04933,LG2,F54D10,6,F54D10.7,x,0.9,in-situ
156f1,CELK03750,LG2,F54D5,7,F54D5.5,x,0.99,in-situ
365b3,CELK06122,LGX,F54F7,6,F54F7.5,mes-1,1.33,in-situ
534d1,CELK07190,LG4,F56D5,8,F56D5.5,x,0.35,in-situ
111b10,CELK01735,LG4,F58B3,9,F58B3.9,x,0.82,in-situ
574e1,CELK00010,LG4,H02I12,2,H02I12.1,x,1.74,in-situ
338b7,CELF02699,LGX,K02B9,2,K02B9.1,x,2.34,in-situ
116b9,CELK01017,LGX,K02B9,2,K02B9.1,x,2.52,in-situ
472c1,CELF02698,LGX,K02B9,1,K02B9.2,x,2.78,in-situ
516g3,CELK07125,LG2,K02E7,4,K02E7.9,x,0.76,in-situ
294b12,CELK05459,LGX,K03A11,1,K03A11.1,x,1.64,in-situ
177h12,CELK00396,LG1,K07A12,3,K07A12.2,x,2.8,in-situ
536a2,CELK05336,LGX,K09E9,1,K09E9.3,x,1.87,in-situ
703d7,CELF02886,LG2,K10B2,3,K10B2.3,x,1.18,in-situ
376f9,CELK06198,LG1,K10D3,4,K10D3.3,taf-11.2,0.7,in-situ
492c11,CELK04253,LG1,C01H6,1,M05B5.5,hlh-2,1.55,in-situ
605c4,CELK07666,LG3,R02F2,4,R02F2.4,x,1.35,in-situ
319h6,CELF03098,LGX,R04D3,2,R04D3.2,x,1.38,in-situ
110c11,CELK03059,LGX,R04D3,2,R04D3.2,x,1.33,in-situ
375c7,CELK06155,LGX,R04D3,4,R04D3.3,x,1.27,in-situ
650h8,CELK07819,LGX,R04D3,3,R04D3.4,x,0.79,in-situ
115e11,CELK01763,LG2,R05H5,5,R05H5.3,x,0.73,in-situ
618a2,CELK08121,LG2,R06A4,8,R06A4.6,x,1.23,in-situ
411b9,CELK01925,LG1,R06C7,6,R06C7.4,x,1.09,in-situ
104b2,CELK01985,LG2,R06F6,1,R06F6.1,cdl-1,1.71,in-situ
377g5,CELF03189,LGX,R09A8,2,R09A8.2,x,2.35,in-situ
530h4,CELK05779,LGX,R09F10,11,R09F10.8,x,1.2,in-situ
604g3,CELK03773,LG1,R119,2,R119.7,x,2.02,in-situ
172d7,CELK04276,LG1,R119,2,R119.7,x,1.58,in-situ
274f9,CELK05217,LG1,R119,2,R119.7,x,0.61,in-situ
104f4,CELK02944,LG5,T01C3,4,T01C3.3,x,0.89,in-situ
554e4,CELK07368,LG2,T01H3,5,T01H3.4,x,1.34,in-situ
425f4,CELK03143,LG1,T04D3,2,T04D3.1,x,1.31,in-situ
514f6,CELK08352,LG1,T04D3,3,T04D3.2,x,1.9,in-situ
602f5,CELK03780,LG1,T04D3,7,T04D3.5,x,1.21,in-situ
274f5,CELK05214,LG1,T05E7,4,T05E7.5,x,1.31,in-situ
567e3,CELK03638,LG1,T05F1,2,T05F1.2,x,1.78,in-situ
615h6,CELK08150,LG1,T05F1,2,T05F1.2,x,2.37,in-situ
114d3,CELK03187,LG2,T05H10,4,T05H10.4,x,1.35,in-situ
595c9,CELK05859,LG2,T06D4,1,T06D4.1,x,1.51,in-situ
97a6,CELK02736,LG3,T07C4,6,T07C4.6,tbx-9,0.95,in-situ
468e11,CELK04397,LGX,T08D10,1,T08D10.1,x,1.65,in-situ
167h2,CELK04211,LGX,T08D10,2,T08D10.2,x,2.13,in-situ
606a4,CELK02057,LG1,T09B4,1,T09B4.5,x,1.64,in-situ
141f6,CELK03569,LG1,T09B4,1,T09B4.5,x,1.56,in-situ
112g9,CELK01633,LG4,T13F2,5,T13F2.8,cav-1,0.92,in-situ
665h10,CELK02509,LG4,T13F2,5,T13F2.8,cav-1,0.86,in-situ
187f12,CELK04182,LG3,T16G12,5,T16G12.8,x,0.55,in-situ
78e11,CELK02388,LGX,T18D3,4,T18D3.1,x,1.86,in-situ
508b5,CELK07069,LG5,T21C9,13,T21C9.13,x,0.92,in-situ
422g1,CELK01196,LG1,T22A3,5,T22A3.5,x,1.74,in-situ
255h7,CELK04436,LG1,T23G11,8,T23G11.2,gna-2,1.18,in-situ
89f12,CELK00614,LG3,T23G5,1,T23G5.1,rnr-1,2.44,in-situ
73c11,CELK02365,LG1,T24D1,4,T24D1.3,x,1.21,in-situ
706g11,CELK08491,LG1,T24D1,3,T24D1.5,x,1.42,in-situ
558b4,CELK02627,LG5,T25E12,7,T25E12.5,x,1.03,in-situ
572h8,CELK05215,LG5,T25E12,6,T25E12.6,x,1.17,in-situ
585e12,CELK01356,LG4,W02A2,7,W02A2.7,mex-5,2.06,in-situ
610h12,CELK03222,LG5,W02F12,2,W02F12.3,x,1.32,in-situ
568d5,CELK04315,LG2,Y17G7B,1,W03C9.7,mex-1,2.03,in-situ
128g9,CELK03407,LG4,W03G1,5,W03G1.7,asm-3,1.03,in-situ
462h7,CELK02381,LG1,W05F2,4,W05F2.3,x,0.9,in-situ
522a12,CELK03108,LG4,W09G12,1,W09G12.1,dsl-2,1.01,in-situ
666c7,CELK02909,LG4,Y105C5B,13,Y105C5B.13,skr-10,0.72,in-situ
618c3,CELK06515,LG1,Y105E8A,8,Y105E8A.8,x,1.54,in-situ
1307e03,CELK11171,LG1,Y106G6D,1,Y106G6D.1,x,0.86,in-situ
425d1,CELK06383,LG1,Y110A7A,16,Y110A7A.4,x,0.99,in-situ
644c7,CELK07031,LG2,Y14H12B,2,Y14H12B.1,x,1.11,in-situ
458c1,CELK01814,LG2,Y17G7B,8,Y17G7B.5,mcm-2,2.02,in-situ
335c8,CELK02819,LG2,Y25C1A,1,Y25C1A.6,x,0.6,in-situ
591b7,CELK03533,LG2,Y38F1A,5,Y38F1A.5,cyd-1,1.8,in-situ
199c2,CELK04284,LG5,Y39B6A,38,Y39B6A.10,x,0.61,in-situ
529g1,CELK05576,LG2,Y39G8B,3,Y39G8B.2,x,1.23,in-situ
258e12,CELK05022,LG4,Y43B11AL,3,Y43B11AL.1,x,1.28,in-situ
341e8,CELK05890,LG4,Y43E12A,2,Y43E12A.1,cyb-2.1,1.32,in-situ
602c3,CELK02602,LG4,Y45F10A,8,Y45F10A.2,puf-3,1.74,in-situ
327a7,CELK05754,LG4,Y45F10C,4,Y45F10C.3,x,1.45,in-situ
635a11,CELK02056,LG2,Y46B2A,3,Y46B2A.1,x,1.68,in-situ
596e3,CELK07620,LG2,Y46G5A,8,Y46G5A.8,x,0.65,in-situ
480e4,CELK02686,LG1,Y47G6A,29,Y47G6A.2,inx-22,0.86,in-situ
613c12,CELK05257,LG3,Y49E10,12,Y49E10.14,pie-1,1.12,in-situ
647d2,CELK04305,LG2,Y49F6C,6,Y49F6C.3,x,1.11,in-situ
448f8,CELK06507,LG2,Y51B9A,7,Y51B9A.4,x,1.08,in-situ
666d1,CELK01890,LG1,Y51F10,7,Y51F10.2,x,1.1,in-situ
675h2,CELK08327,LG2,Y51H7C,10,Y51H7C.3,x,0.57,in-situ
602g6,CELK06103,LG3,Y54F10AM,12,Y54F10AM.11,x,1.06,in-situ
563g10,CELK03073,LG2,Y54G11A,9,Y54G11A.6,ctl-1,1.71,in-situ
641e8,CELK07837,LG2,Y57A10A,21,Y57A10A.9,x,0.75,in-situ
621d10,CELK08176,LG2,Y57A10B,6,Y57A10B.6,x,1.28,in-situ
292d3,CELF04749,LG4,Y57G11C,33,Y57G11C.25,x,1.2,in-situ
623c1,CELK08190,LG1,Y65B4BR,1,Y65B4BR.8,x,0.76,in-situ
640c3,CELK07815,LG5,Y73C8C,6,Y73C8C.8,x,2.68,in-situ
1256d11,CELK10987,LG5,Y75B12B,2,Y75B12B.1,x,1.13,in-situ
674c5,CELK08074,LG3,Y82E9BR,17,Y82E9BR.17,x,1.66,in-situ
610e5,CELK08088,LG2,Y9D1A,1,Y9D1A.1,x,0.47,in-situ
829c04,CELK09624,LG5,ZC302,2,ZC302.2,x,1.81,in-situ
585f5,CELK02591,LG5,ZC513,1,ZC513.6,oma-2,1.41,in-situ
374h2,CELK02078,LGX,ZC53,2,ZC53.7,x,0.85,in-situ
603b8,CELK08051,LG2,ZK177,10,ZK177.1,x,1.39,in-situ
241h9,CELF05209,LG2,ZK546,12,ZK546.15,x,1.06,in-situ
631b11,CELK07953,LG3,ZK637,17,ZK637.11,cdc-25.3,1.18,in-situ
326f3,CELF05250,LGX,ZK662,6,ZK662.4,lin-15,4.76,in-situ
62g9,CELK02024,LGX,ZK678,1,ZK662.4,lin-15,2.25,in-situ
102d10,CELF05286,LGX,ZK816,4,ZK816.5,dhs-26,0.78,in-situ
490d4,CELK05820,LG1,ZK858,3,ZK858.3,x,0.85,in-situ
